name,birth_date,admission_date,issue,expected_stay,status
Julie Hernandez,1989-06-29,2023-06-19,Severe Depression,5 years,released
Susan Schmitt,1946-09-21,2020-02-08,Obsessive Compulsive Disorder,2 years,active
Julia Campbell,1969-05-22,2022-05-11,Delusional Disorder,3 years,released
Jamie Wright,1935-11-25,2021-08-19,Post-Traumatic Stress Disorder,2 years,active
Ricky Parrish,1941-08-06,2023-01-12,Obsessive Compulsive Disorder,1 year,active
Angela Freeman,1977-07-05,2024-05-30,Obsessive Compulsive Disorder,1 year,active
Kimberly Cook,1950-08-20,2019-12-11,Severe Depression,10 years,active
Sandra King,1994-05-07,2023-10-27,Severe Depression,3 years,released
Randy Odonnell,1988-05-18,2023-07-26,Obsessive Compulsive Disorder,1 year,active
Joshua Hebert,1938-01-30,2021-09-22,Delusional Disorder,1 year,released
Joshua Lambert,1968-11-22,2022-11-18,Severe Depression,1 year,released
Tristan Boone,1954-11-08,2020-09-22,Delusional Disorder,1 year,released
Karen Preston,1980-02-05,2023-07-23,Post-Traumatic Stress Disorder,10 years,released
John King,1963-02-26,2024-10-30,Schizophrenia,10 years,released
Michael Johnson,1943-09-12,2019-12-27,Paranoid Personality Disorder,10 years,active
Steven Campbell,1952-11-19,2022-04-05,Bipolar Disorder,2 years,active
Christopher Willis,1951-08-06,2022-06-11,Bipolar Disorder,3 years,released
Brooke Graves,2006-09-27,2020-01-13,Post-Traumatic Stress Disorder,5 years,released
John Paul,1951-10-24,2020-06-17,Bipolar Disorder,5 years,released
Brandy Graves,1939-08-03,2020-09-27,Obsessive Compulsive Disorder,2 years,active
Trevor Sanchez,1976-04-12,2024-05-27,Psychopathy,3 years,active
Ashley Lam,1971-06-03,2021-01-25,Post-Traumatic Stress Disorder,3 years,released
Evelyn Watson,1947-01-11,2020-07-29,Post-Traumatic Stress Disorder,10 years,released
Natasha Campbell,1954-10-23,2021-10-21,Paranoid Personality Disorder,5 years,released
Ronald Monroe,1942-12-30,2020-07-02,Obsessive Compulsive Disorder,3 years,active
Tracy Adkins,1991-11-23,2024-02-18,Severe Depression,5 years,active
Brian Merritt,1956-06-22,2022-09-03,Paranoid Personality Disorder,3 years,released
Jeffery Cole,1956-01-21,2024-04-11,Severe Depression,5 years,active
James Sullivan,2005-11-25,2022-12-14,Bipolar Disorder,1 year,active
Corey Moore,1957-06-18,2021-02-10,Paranoid Personality Disorder,2 years,active
Ricardo Austin,1960-10-24,2022-04-02,Post-Traumatic Stress Disorder,5 years,released
Cynthia Trujillo,1939-01-20,2020-03-11,Delusional Disorder,5 years,active
Elizabeth Harris,1965-12-03,2023-09-28,Schizophrenia,5 years,released
Amy Perez,2002-10-22,2020-07-09,Schizophrenia,2 years,released
Charles Perez,1941-11-03,2023-02-26,Obsessive Compulsive Disorder,10 years,released
Renee Wood,1934-03-29,2023-03-09,Bipolar Disorder,1 year,released
Audrey Collins,1982-08-22,2021-02-21,Bipolar Disorder,10 years,released
Brenda Jones,2003-12-23,2022-02-27,Bipolar Disorder,3 years,active
Samantha Thompson,1998-06-28,2023-04-01,Bipolar Disorder,10 years,released
Calvin David,1959-08-14,2020-01-19,Obsessive Compulsive Disorder,2 years,active
Sharon Owens,1968-03-29,2020-10-16,Bipolar Disorder,1 year,active
Bryan Weber,1998-02-14,2024-08-14,Paranoid Personality Disorder,2 years,released
Samuel Collins,1977-04-25,2020-02-13,Delusional Disorder,3 years,active
Ryan Mitchell,1976-06-20,2023-07-21,Bipolar Disorder,2 years,active
Mark Maddox,1947-10-06,2022-08-31,Paranoid Personality Disorder,10 years,released
Steven Donaldson,1958-11-11,2023-06-29,Delusional Disorder,10 years,active
Alexis Taylor,1973-04-28,2022-02-22,Post-Traumatic Stress Disorder,2 years,released
Kevin Hernandez,1949-09-13,2021-02-07,Paranoid Personality Disorder,5 years,released
Alexander Garcia,1987-09-19,2022-07-18,Severe Depression,10 years,active
Brooke Taylor,1938-04-12,2023-02-15,Post-Traumatic Stress Disorder,10 years,active
Hannah Durham,1982-12-27,2020-12-12,Schizophrenia,2 years,released
William Parker,1996-04-30,2023-06-15,Obsessive Compulsive Disorder,10 years,active
Tiffany Camacho,1997-10-17,2022-07-27,Bipolar Disorder,2 years,active
Joshua Howell,1969-09-25,2020-02-08,Delusional Disorder,3 years,released
Thomas Bell,1964-09-10,2024-01-07,Post-Traumatic Stress Disorder,10 years,active
Jennifer Johnson MD,1969-09-09,2022-06-11,Bipolar Disorder,10 years,released
Shawn Wyatt,1956-11-28,2023-10-15,Obsessive Compulsive Disorder,3 years,active
Frank Floyd,1976-02-10,2022-07-01,Paranoid Personality Disorder,2 years,active
Stephen Smith,1941-02-17,2022-11-22,Paranoid Personality Disorder,5 years,released
Brian Austin,2001-06-23,2020-08-26,Severe Depression,5 years,released
Tammy Collins,1941-09-05,2022-05-06,Delusional Disorder,5 years,active
Roger Pruitt,1994-12-08,2020-01-26,Obsessive Compulsive Disorder,5 years,active
Elizabeth Lawrence,1977-03-20,2024-08-07,Delusional Disorder,2 years,active
John Peterson,1970-12-19,2021-01-12,Obsessive Compulsive Disorder,2 years,released
Abigail Heath,1982-05-18,2023-04-27,Paranoid Personality Disorder,10 years,released
Dylan Benson,1972-02-19,2022-01-19,Post-Traumatic Stress Disorder,2 years,active
Lindsay Green,1996-08-14,2020-06-02,Psychopathy,2 years,active
Christopher Gomez,1955-02-13,2024-02-08,Post-Traumatic Stress Disorder,10 years,released
James Chen,1936-04-20,2022-01-09,Delusional Disorder,3 years,released
Maria Oliver,2000-04-27,2023-03-24,Delusional Disorder,5 years,released
Kelly Schaefer,1958-12-24,2020-01-31,Delusional Disorder,2 years,released
Madison Fitzgerald,1983-03-29,2023-10-09,Bipolar Disorder,5 years,active
Jacob Douglas,1939-07-07,2023-11-22,Schizophrenia,10 years,active
Ralph Austin,1937-10-27,2022-06-13,Obsessive Compulsive Disorder,10 years,active
Jennifer Graves,1979-05-10,2022-10-02,Psychopathy,3 years,released
Sean Spencer,1990-09-08,2019-11-09,Delusional Disorder,1 year,active
Alice Sims,1998-06-06,2021-08-09,Severe Depression,10 years,active
Carol Robertson,1983-04-14,2021-07-27,Delusional Disorder,1 year,released
Jennifer Perkins,1980-09-03,2022-11-06,Post-Traumatic Stress Disorder,10 years,released
Alan Ford,1958-01-04,2024-07-12,Paranoid Personality Disorder,1 year,active
Natalie Owen,1993-10-08,2021-03-10,Schizophrenia,3 years,active
Megan Bray,1965-01-18,2023-08-07,Paranoid Personality Disorder,3 years,active
Beth Lewis,1965-10-09,2021-09-29,Delusional Disorder,10 years,active
Stephanie Mills,1970-12-02,2023-10-24,Bipolar Disorder,2 years,active
Jennifer Orr,1975-12-23,2021-06-10,Schizophrenia,10 years,released
Stephen Morales DVM,1974-08-06,2020-08-26,Post-Traumatic Stress Disorder,3 years,active
Kathy Taylor,1965-05-12,2023-03-22,Paranoid Personality Disorder,1 year,released
Troy Fernandez,1979-02-11,2022-12-17,Bipolar Disorder,1 year,active
Mrs. Karen Smith,1998-06-27,2020-08-09,Severe Depression,5 years,active
Lisa Brown,1953-09-16,2020-12-05,Bipolar Disorder,1 year,active
Kristen Perez,1978-03-07,2021-02-08,Delusional Disorder,5 years,active
Julie Morris,1970-06-10,2021-02-13,Bipolar Disorder,3 years,released
Wendy Bryant,1991-06-30,2022-01-26,Paranoid Personality Disorder,10 years,active
Heidi Miller,2005-07-26,2021-10-13,Paranoid Personality Disorder,3 years,released
Amy Smith,1941-06-15,2021-01-11,Post-Traumatic Stress Disorder,5 years,active
Joseph Gray,1988-01-12,2023-04-17,Paranoid Personality Disorder,3 years,active
Angela Kaiser,1936-12-17,2023-04-02,Schizophrenia,5 years,active
Yolanda King,1945-01-07,2023-06-05,Paranoid Personality Disorder,5 years,released
Marcus Delgado,1984-09-28,2022-04-23,Paranoid Personality Disorder,1 year,released
Aaron Alexander,1952-09-25,2021-05-04,Bipolar Disorder,5 years,released
Jessica Castillo,1938-05-26,2020-02-21,Obsessive Compulsive Disorder,1 year,released
Vickie Perez,1989-12-23,2023-08-09,Schizophrenia,5 years,released
Cheryl Jackson,1964-07-13,2020-08-01,Severe Depression,3 years,released
Ross Becker,1955-03-25,2020-06-01,Psychopathy,5 years,active
Mr. Michael Sullivan,1962-01-26,2022-04-04,Obsessive Compulsive Disorder,2 years,active
Melissa Mitchell,1991-12-04,2023-11-02,Post-Traumatic Stress Disorder,10 years,active
Stephanie Trevino,1956-09-06,2021-12-24,Bipolar Disorder,2 years,active
Lindsey Zuniga,1966-11-14,2022-06-20,Bipolar Disorder,2 years,active
Andre Gomez,1957-08-08,2022-12-25,Schizophrenia,1 year,released
Wendy Thompson,1970-11-15,2024-02-05,Delusional Disorder,5 years,released
Aaron Powell,1946-06-30,2024-09-15,Paranoid Personality Disorder,2 years,active
Bethany Williams,1968-05-25,2020-10-07,Paranoid Personality Disorder,5 years,released
Eric Spencer,1950-11-28,2020-04-25,Post-Traumatic Stress Disorder,1 year,released
Olivia Rogers,1968-09-10,2019-11-06,Paranoid Personality Disorder,2 years,active
Edward Moses,1941-07-16,2020-05-18,Severe Depression,2 years,active
Jeremiah Spencer,1977-10-16,2023-12-14,Psychopathy,10 years,released
Erin Dixon,1984-01-29,2022-02-25,Bipolar Disorder,10 years,released
Gregory Atkinson,2004-02-13,2024-01-21,Paranoid Personality Disorder,5 years,released
Mr. Vincent Harrington,1984-04-07,2023-06-06,Paranoid Personality Disorder,1 year,active
Brittany Williamson,1955-02-13,2020-11-12,Obsessive Compulsive Disorder,2 years,active
Benjamin Lewis,1967-02-07,2022-10-31,Paranoid Personality Disorder,2 years,released
Isaiah Stone,1983-07-19,2024-04-17,Schizophrenia,5 years,active
Brandon Bates,1983-12-12,2020-08-15,Paranoid Personality Disorder,2 years,active
Monica Carter,1996-07-20,2023-01-05,Severe Depression,2 years,active
Jordan Rogers,1952-08-17,2020-08-15,Obsessive Compulsive Disorder,3 years,released
Laurie Barnes,2001-10-15,2021-05-26,Paranoid Personality Disorder,3 years,released
Anne Ramirez,1937-10-07,2020-07-24,Psychopathy,10 years,released
Thomas Hurley,1988-05-12,2020-09-19,Psychopathy,10 years,active
Lisa Smith,1990-01-09,2022-09-20,Paranoid Personality Disorder,10 years,released
Rodney Torres,1973-06-21,2023-10-27,Post-Traumatic Stress Disorder,5 years,active
Aaron Johnson,1974-12-16,2021-02-21,Severe Depression,5 years,released
Brady Hill,1951-01-20,2023-10-12,Severe Depression,3 years,released
Kristin Davis,1955-11-18,2022-10-16,Obsessive Compulsive Disorder,3 years,released
Robert Reeves,1990-07-10,2024-10-21,Post-Traumatic Stress Disorder,1 year,active
Jill Hernandez,1987-06-01,2024-07-09,Bipolar Disorder,10 years,released
Melissa Tyler,1947-12-11,2023-07-07,Bipolar Disorder,3 years,active
Jacob Rush,1962-06-08,2022-11-28,Paranoid Personality Disorder,10 years,active
Heidi Taylor,1946-08-09,2022-05-29,Delusional Disorder,5 years,active
Rachel Garner,1961-12-04,2020-06-24,Psychopathy,10 years,released
Ryan Vargas,2001-02-27,2021-06-02,Bipolar Disorder,3 years,active
Amy Rodriguez,1998-12-27,2021-05-30,Bipolar Disorder,10 years,active
Daniel Edwards Jr.,1947-12-01,2024-03-21,Delusional Disorder,10 years,released
Manuel Silva,2002-05-15,2020-05-07,Post-Traumatic Stress Disorder,1 year,active
Amber Orozco,1959-12-26,2023-08-17,Psychopathy,10 years,active
Beth Burgess,1983-04-06,2023-12-03,Psychopathy,3 years,active
Susan Gutierrez,1974-06-15,2021-05-26,Psychopathy,3 years,released
Christopher Allen,1987-08-05,2024-03-22,Delusional Disorder,5 years,released
Michael Lam,1951-10-02,2020-09-14,Schizophrenia,5 years,active
Charles Wright,1959-10-28,2024-03-12,Delusional Disorder,2 years,released
Rebecca Thomas,1983-03-31,2023-09-18,Obsessive Compulsive Disorder,2 years,active
Aaron Sparks,1976-07-21,2020-01-10,Obsessive Compulsive Disorder,5 years,released
Tonya Campbell,1943-08-05,2021-10-31,Post-Traumatic Stress Disorder,1 year,active
Erica Mueller,1981-04-30,2020-04-11,Psychopathy,1 year,active
Deborah Lopez,1975-05-20,2022-12-22,Obsessive Compulsive Disorder,2 years,active
Sarah Jones,1962-06-19,2023-12-20,Obsessive Compulsive Disorder,2 years,released
Eric Meza,1941-04-07,2021-09-27,Psychopathy,2 years,active
Ashley Jordan,1950-02-08,2021-01-17,Psychopathy,1 year,released
Laurie Johnson,1948-12-14,2020-01-14,Psychopathy,5 years,released
Jeffrey Chase,1967-03-10,2023-01-30,Obsessive Compulsive Disorder,10 years,released
Daniel Owen,1949-03-09,2020-08-29,Post-Traumatic Stress Disorder,2 years,released
Bill Sellers,1938-10-26,2022-01-19,Post-Traumatic Stress Disorder,1 year,released
Kevin Jackson,1967-12-20,2023-05-19,Obsessive Compulsive Disorder,1 year,released
Don Kane DVM,1975-11-01,2023-08-11,Psychopathy,3 years,active
Lori Edwards,2000-07-09,2022-08-23,Bipolar Disorder,2 years,active
Jill Daniels,1943-07-17,2021-01-10,Post-Traumatic Stress Disorder,3 years,active
Martha Crawford,1984-08-22,2024-09-03,Delusional Disorder,1 year,active
Tracy Martinez,1937-01-03,2024-08-21,Schizophrenia,1 year,active
Debra Powell,1967-03-01,2024-05-19,Post-Traumatic Stress Disorder,5 years,released
Dawn Rogers,1935-06-10,2024-08-22,Severe Depression,3 years,active
Martin Larsen,1942-05-28,2022-01-15,Severe Depression,1 year,released
Casey Li,1998-08-18,2024-04-21,Schizophrenia,3 years,active
Michael Smith,2006-04-25,2024-09-29,Paranoid Personality Disorder,10 years,released
Jerry Scott,1960-10-31,2021-11-01,Post-Traumatic Stress Disorder,2 years,active
Angela Navarro,1945-05-15,2022-06-22,Bipolar Disorder,10 years,active
Tammy Gilbert,1942-12-23,2024-10-28,Severe Depression,3 years,released
Kristin Warren,1967-01-10,2022-07-28,Delusional Disorder,3 years,active
Debbie Roberts,1963-02-21,2020-06-21,Delusional Disorder,10 years,released
Bailey Griffin,1944-06-10,2021-09-17,Post-Traumatic Stress Disorder,2 years,active
Dean Bailey,1934-11-18,2020-12-13,Schizophrenia,5 years,active
Gary Stevenson,1984-03-16,2024-08-08,Severe Depression,10 years,active
Jeremy Wolf,1946-04-03,2024-05-29,Obsessive Compulsive Disorder,1 year,released
Brett Allen,1966-07-20,2023-01-31,Paranoid Personality Disorder,1 year,active
David Hill,1987-09-14,2022-04-21,Bipolar Disorder,5 years,active
Reginald Smith,2000-07-11,2021-12-08,Severe Depression,3 years,released
Robyn Byrd,1988-07-25,2023-07-27,Severe Depression,3 years,released
Daniel Nguyen,1981-05-04,2023-11-20,Bipolar Disorder,5 years,released
Alex Briggs,1991-09-04,2023-04-20,Post-Traumatic Stress Disorder,3 years,active
Brett Levine,1988-03-29,2022-12-06,Severe Depression,5 years,active
Joel Miller,1969-05-15,2020-02-17,Delusional Disorder,5 years,active
Dennis Baker,1985-12-11,2020-10-18,Delusional Disorder,10 years,released
Jeremy Garcia,2003-11-21,2021-07-01,Obsessive Compulsive Disorder,2 years,active
Brendan Evans,1957-05-04,2020-07-14,Post-Traumatic Stress Disorder,1 year,released
Samuel Hall,1971-03-10,2019-11-22,Severe Depression,10 years,released
Heather Thompson,1946-04-20,2022-01-12,Obsessive Compulsive Disorder,2 years,active
Martin Watkins,1991-05-13,2020-06-26,Bipolar Disorder,2 years,released
Grace Henderson,1969-09-11,2024-06-07,Severe Depression,10 years,released
William Lopez,1962-02-15,2023-08-20,Post-Traumatic Stress Disorder,5 years,active
Omar Wright,2002-08-16,2021-02-22,Post-Traumatic Stress Disorder,1 year,active
Billy Escobar,1969-04-30,2023-06-03,Delusional Disorder,10 years,active
Cheryl Wood MD,1953-10-04,2022-10-23,Post-Traumatic Stress Disorder,3 years,released
Tami Weber,1985-10-08,2021-11-02,Severe Depression,5 years,active
Teresa Gonzalez,1935-08-15,2023-06-28,Severe Depression,3 years,released
Laurie Smith,1997-12-22,2024-01-18,Severe Depression,2 years,released
Eric Harrell,1970-07-19,2020-10-17,Schizophrenia,5 years,released
Joel Washington,1993-01-19,2020-10-19,Delusional Disorder,1 year,active
Richard Maddox,1983-06-23,2020-02-27,Bipolar Disorder,3 years,released
Courtney Peterson,2001-11-12,2022-08-21,Post-Traumatic Stress Disorder,1 year,released
Jessica Holloway,1982-01-30,2023-10-15,Psychopathy,1 year,active
Eric Stewart,1998-04-22,2021-05-12,Schizophrenia,5 years,released
Katherine Bright,1963-12-10,2020-11-28,Obsessive Compulsive Disorder,3 years,released
Sara Mason,2003-08-19,2021-01-17,Schizophrenia,10 years,released
Kathryn Roman,1945-05-27,2022-05-11,Severe Depression,10 years,active
Mr. Jacob Davis,1975-09-15,2019-11-09,Severe Depression,3 years,released
Jeffrey Brooks,1953-08-09,2020-05-11,Bipolar Disorder,3 years,released
Tasha Waters,1993-01-17,2022-10-02,Severe Depression,10 years,active
Aaron Jones,1999-05-05,2022-03-14,Delusional Disorder,1 year,active
Angela Murray,1969-01-28,2024-08-30,Bipolar Disorder,5 years,active
Laura Moran,1940-08-23,2021-07-14,Bipolar Disorder,5 years,active
Henry Lopez,1967-07-28,2024-08-17,Post-Traumatic Stress Disorder,1 year,released
Judith Anderson,1985-01-28,2020-01-14,Severe Depression,10 years,released
Bradley Lynch MD,1942-03-25,2022-01-09,Psychopathy,2 years,active
Ryan Murray,1968-12-23,2021-07-18,Obsessive Compulsive Disorder,10 years,active
Brandi Mcdaniel,2004-01-06,2020-03-14,Delusional Disorder,2 years,active
Maria Martinez,1975-09-27,2024-02-12,Severe Depression,2 years,active
Ryan Rangel,1954-09-13,2020-12-23,Delusional Disorder,10 years,released
Michael Moore,2003-11-16,2024-05-21,Paranoid Personality Disorder,1 year,released
Melissa Jones,2004-09-09,2020-10-04,Obsessive Compulsive Disorder,5 years,active
Victoria Kim,1939-01-08,2020-12-06,Schizophrenia,1 year,released
Peter Mora,1952-05-16,2023-08-08,Bipolar Disorder,10 years,released
Brian Molina,1964-01-25,2021-03-18,Delusional Disorder,10 years,released
Lauren Barber,1990-06-02,2024-09-30,Delusional Disorder,1 year,released
Sharon Miller,1950-02-08,2024-04-15,Bipolar Disorder,5 years,released
Cameron Wilson,1988-09-26,2021-09-27,Obsessive Compulsive Disorder,5 years,active
Autumn Hicks,1943-10-30,2022-12-21,Severe Depression,1 year,active
James Smith,1955-06-01,2019-12-04,Bipolar Disorder,3 years,released
Brandon Jarvis,1973-10-06,2020-10-03,Severe Depression,2 years,released
Kathryn Bates,1969-02-26,2024-07-23,Bipolar Disorder,5 years,active
Craig Barnes,1968-09-23,2022-09-20,Schizophrenia,1 year,released
Claire Williams,2004-01-12,2020-01-12,Bipolar Disorder,10 years,active
Dr. Christopher Lewis Jr.,1956-11-02,2022-11-26,Paranoid Personality Disorder,1 year,released
Brandon Perez,2002-01-11,2024-02-29,Severe Depression,5 years,active
Edgar Richardson,1999-07-02,2021-06-28,Bipolar Disorder,10 years,active
Michael Farmer,1937-08-13,2022-11-15,Severe Depression,5 years,active
Sandra Nguyen,1962-01-12,2024-07-25,Bipolar Disorder,10 years,released
Jessica Martinez,1994-08-31,2020-02-12,Severe Depression,10 years,active
Lauren Tucker,1951-02-21,2020-02-23,Delusional Disorder,3 years,released
Brendan Ferguson,2002-12-05,2024-10-18,Bipolar Disorder,3 years,released
David Watkins,1968-01-16,2024-06-03,Schizophrenia,1 year,released
Matthew Johnson,1971-10-30,2024-07-21,Bipolar Disorder,5 years,released
Carrie Nash,1940-07-27,2022-06-28,Psychopathy,10 years,released
April Williams,1936-07-21,2020-10-28,Post-Traumatic Stress Disorder,1 year,active
Steven Martin,2005-12-26,2022-02-19,Obsessive Compulsive Disorder,5 years,released
Rachel Parker,1997-05-25,2022-12-04,Psychopathy,10 years,released
Mark Parker,1936-04-13,2021-06-03,Bipolar Disorder,10 years,released
Brian West,2005-06-01,2023-05-31,Paranoid Personality Disorder,2 years,active
Roberto Glenn,1968-02-23,2020-04-27,Severe Depression,10 years,active
Marissa Moran,1990-10-16,2024-03-15,Psychopathy,5 years,active
Michael Gonzalez,1934-12-26,2023-09-12,Delusional Disorder,2 years,active
Melanie Baker,1989-12-11,2022-11-15,Severe Depression,2 years,active
Duane Brennan,1977-12-02,2024-01-23,Obsessive Compulsive Disorder,2 years,released
John Brewer,1987-03-18,2023-10-21,Schizophrenia,2 years,active
Matthew Fuller,2005-10-26,2023-01-13,Schizophrenia,10 years,active
Raymond Ramirez,1993-09-30,2024-04-24,Post-Traumatic Stress Disorder,1 year,released
Cory Holloway,2001-06-05,2023-06-10,Psychopathy,3 years,active
Katherine Ponce,1948-08-16,2024-06-18,Psychopathy,2 years,active
Anthony Harris,1975-07-11,2021-03-17,Psychopathy,2 years,active
Brett Roberts,1944-06-21,2020-08-28,Obsessive Compulsive Disorder,10 years,active
Andrea Marshall,1980-06-30,2020-10-20,Paranoid Personality Disorder,1 year,released
Donna Campbell,1960-08-01,2022-05-30,Delusional Disorder,10 years,active
Kyle Green,1990-03-12,2023-11-15,Obsessive Compulsive Disorder,3 years,released
Monica Carter PhD,1947-08-18,2020-11-10,Delusional Disorder,5 years,active
Laura Russell,1966-02-19,2024-05-11,Delusional Disorder,10 years,active
Joshua Bowers,1940-12-06,2020-12-09,Severe Depression,2 years,released
Samuel Olson,1973-05-05,2024-02-14,Severe Depression,2 years,released
Michael Brown,1935-12-25,2021-05-13,Delusional Disorder,1 year,released
Kelly Sellers,1942-10-20,2024-05-19,Post-Traumatic Stress Disorder,1 year,active
Erica Brown,1936-06-27,2023-07-02,Post-Traumatic Stress Disorder,1 year,active
Alex Perkins,1977-06-01,2023-10-26,Severe Depression,10 years,active
Lori Little,1969-09-27,2023-11-21,Post-Traumatic Stress Disorder,2 years,released
Brenda Nguyen,1973-08-20,2024-03-02,Bipolar Disorder,5 years,released
Troy Sanchez,1964-02-15,2024-09-14,Post-Traumatic Stress Disorder,3 years,released
Carlos Mcpherson,2006-07-16,2020-06-20,Psychopathy,2 years,released
Ryan Schwartz,1945-12-02,2023-09-11,Severe Depression,1 year,released
Ryan Phillips,1991-07-24,2021-05-29,Bipolar Disorder,2 years,released
Kenneth Erickson,1971-04-24,2020-02-02,Delusional Disorder,2 years,released
Shaun Washington,1977-02-02,2019-12-09,Obsessive Compulsive Disorder,3 years,active
Karen Smith,1936-04-09,2020-04-25,Post-Traumatic Stress Disorder,1 year,active
Heidi Brown,1944-08-05,2022-05-06,Paranoid Personality Disorder,10 years,active
Brian Walter,1948-12-15,2021-06-10,Paranoid Personality Disorder,2 years,active
Roger Hill,1987-06-23,2024-02-25,Obsessive Compulsive Disorder,3 years,released
Jacob Fields,1959-10-28,2021-01-15,Bipolar Disorder,1 year,active
Brooke Powell,1943-03-16,2021-01-19,Delusional Disorder,5 years,active
Mary Warren,1964-10-26,2022-09-10,Psychopathy,10 years,active
Steven Schneider,2006-06-28,2019-11-22,Delusional Disorder,5 years,released
Alexander Rich,1965-03-16,2020-10-29,Paranoid Personality Disorder,10 years,active
James Mitchell,2000-06-01,2024-01-19,Post-Traumatic Stress Disorder,5 years,active
Jennifer Lloyd,1967-12-08,2024-03-17,Bipolar Disorder,3 years,released
Todd Adams,1942-12-23,2023-06-15,Bipolar Disorder,5 years,released
Stephanie Mckee,1940-11-15,2022-05-17,Obsessive Compulsive Disorder,10 years,active
Pedro Singh,1962-07-06,2024-02-04,Delusional Disorder,10 years,released
Colleen Stephens,1976-04-25,2024-06-07,Schizophrenia,5 years,released
Candice Stuart,2003-04-22,2023-01-11,Post-Traumatic Stress Disorder,3 years,active
Jorge Pearson,1985-11-15,2024-07-27,Obsessive Compulsive Disorder,5 years,active
Tiffany Reid,1962-12-11,2023-04-13,Severe Depression,5 years,released
Melissa Lewis,1962-02-25,2023-03-10,Psychopathy,5 years,active
Geoffrey Davis,1992-08-24,2023-08-30,Post-Traumatic Stress Disorder,3 years,active
Crystal Davis,1952-03-05,2023-11-14,Severe Depression,10 years,released
Bonnie Edwards,1969-12-07,2020-08-26,Post-Traumatic Stress Disorder,10 years,released
Richard Peterson,1950-06-28,2023-02-09,Psychopathy,2 years,active
Adam Raymond,1953-12-15,2020-02-05,Severe Depression,5 years,active
Meghan Johnson,1953-01-02,2020-07-03,Bipolar Disorder,3 years,released
Rachel Roy,1961-12-09,2019-12-07,Bipolar Disorder,2 years,released
Jessica Morgan,1968-08-19,2022-12-15,Psychopathy,1 year,active
Marcus Lane,1991-04-17,2024-09-19,Psychopathy,10 years,active
Cheryl Meyer,1935-03-02,2023-08-13,Severe Depression,2 years,released
Carl Johnson,2002-08-30,2021-05-12,Delusional Disorder,10 years,released
Donna Jones,1954-06-25,2021-09-09,Paranoid Personality Disorder,2 years,active
Ms. Cynthia Santos,1975-02-28,2020-02-04,Paranoid Personality Disorder,3 years,released
Jose Davis,1942-08-02,2020-09-25,Psychopathy,3 years,released
Morgan Kelly,1996-12-11,2022-09-03,Obsessive Compulsive Disorder,3 years,released
Kevin Rosales,1945-02-06,2023-04-05,Post-Traumatic Stress Disorder,3 years,released
Joshua Kirby,1969-10-08,2021-02-13,Post-Traumatic Stress Disorder,5 years,active
Luis Jones,1942-08-15,2020-12-19,Psychopathy,3 years,released
John Leonard,1936-04-01,2022-04-12,Obsessive Compulsive Disorder,2 years,released
Angela Nelson,1953-01-25,2021-07-15,Bipolar Disorder,10 years,released
Zachary Wright,1993-08-08,2023-01-04,Psychopathy,2 years,active
Destiny Young,1980-07-06,2024-03-07,Paranoid Personality Disorder,2 years,released
Amy Vincent,1985-10-01,2020-07-25,Severe Depression,1 year,released
Robert Pittman,1994-04-11,2024-10-01,Obsessive Compulsive Disorder,10 years,released
Heather Cline,1975-06-04,2020-02-12,Severe Depression,2 years,released
Christina Park,1947-02-05,2022-01-29,Schizophrenia,2 years,active
Christina Alvarez,1937-03-25,2023-01-17,Severe Depression,3 years,active
Shane Brown,1977-04-22,2023-10-01,Obsessive Compulsive Disorder,3 years,released
Joshua Ward,1978-06-15,2023-06-03,Schizophrenia,10 years,active
Michael Reyes,1941-12-31,2024-08-04,Delusional Disorder,1 year,released
Joseph Best,1957-05-20,2022-04-28,Delusional Disorder,2 years,released
Michael Lee,1982-01-06,2022-02-09,Delusional Disorder,10 years,active
Nancy Mason,1975-06-12,2024-03-02,Delusional Disorder,10 years,released
Gina Francis,1936-08-20,2022-03-16,Bipolar Disorder,2 years,active
Jacob Martinez,2000-09-05,2020-07-14,Psychopathy,10 years,active
Ryan Rose,1936-07-29,2024-10-08,Paranoid Personality Disorder,1 year,active
Melanie Washington,1945-05-27,2022-05-17,Post-Traumatic Stress Disorder,2 years,released
Amanda Jones,1965-08-02,2024-10-07,Obsessive Compulsive Disorder,3 years,released
Melissa Rich,1939-04-25,2023-01-28,Severe Depression,10 years,active
Bradley Smith,1934-09-10,2022-08-13,Post-Traumatic Stress Disorder,1 year,released
Christopher Wolf,1949-03-11,2022-11-09,Post-Traumatic Stress Disorder,3 years,active
Brandon Nicholson,1973-05-30,2024-02-26,Obsessive Compulsive Disorder,1 year,active
Latoya Yoder,1935-11-02,2022-06-21,Severe Depression,3 years,released
Thomas Goodwin,1947-01-14,2024-01-12,Post-Traumatic Stress Disorder,5 years,active
Nina Bradley,2006-04-28,2020-02-05,Delusional Disorder,1 year,active
Courtney Murray,1934-05-12,2023-07-12,Paranoid Personality Disorder,10 years,active
Zachary Bailey,1940-08-12,2020-03-14,Bipolar Disorder,3 years,active
Tyrone Donaldson,1950-07-15,2024-06-10,Obsessive Compulsive Disorder,5 years,released
Timothy Beltran,1997-04-17,2022-04-19,Schizophrenia,10 years,released
Jay Evans,1980-04-11,2023-02-03,Bipolar Disorder,1 year,active
Dr. Erika Martin PhD,1972-11-02,2023-10-10,Obsessive Compulsive Disorder,5 years,active
Michael Nguyen,1950-06-04,2022-11-03,Post-Traumatic Stress Disorder,10 years,active
Anthony Parker,2002-04-11,2022-09-22,Bipolar Disorder,3 years,active
Charles Scott,1934-04-19,2024-11-01,Paranoid Personality Disorder,1 year,released
Jennifer Hill,2002-12-08,2022-08-19,Delusional Disorder,10 years,active
Keith Richards,1959-12-31,2023-12-11,Delusional Disorder,1 year,active
Alyssa Walker,1962-02-16,2019-12-10,Post-Traumatic Stress Disorder,3 years,active
Ronald King,1938-12-14,2022-03-14,Psychopathy,3 years,active
Joseph Vasquez,1954-01-10,2024-03-13,Post-Traumatic Stress Disorder,1 year,released
Paula Thompson,1955-01-01,2021-04-07,Bipolar Disorder,2 years,released
Samantha Combs,1994-05-25,2021-06-12,Paranoid Personality Disorder,3 years,released
Daniel Smith,1958-12-31,2021-09-11,Paranoid Personality Disorder,5 years,active
Katherine Marquez,1972-09-17,2023-11-18,Delusional Disorder,1 year,released
Zoe Sharp,1953-08-06,2021-03-05,Post-Traumatic Stress Disorder,3 years,active
Erika Travis,1979-12-02,2024-02-13,Psychopathy,3 years,released
Robert Blackwell,2002-12-10,2022-04-19,Paranoid Personality Disorder,3 years,active
Cheryl Kemp,1996-06-02,2024-06-15,Schizophrenia,3 years,released
Danielle Lang,1957-06-05,2024-07-07,Severe Depression,5 years,active
Jon Rodriguez,1998-03-01,2022-02-23,Delusional Disorder,3 years,active
Joann Lawson,1996-07-27,2022-12-02,Bipolar Disorder,10 years,released
Jennifer Lane,2005-04-14,2023-12-18,Severe Depression,10 years,released
Brian Alvarado,2000-09-26,2022-05-17,Paranoid Personality Disorder,5 years,active
Michael Collins,1949-06-23,2023-01-18,Delusional Disorder,5 years,released
Brianna Gomez,1951-08-24,2022-08-10,Delusional Disorder,1 year,active
Mary Santana,1999-04-12,2024-10-22,Bipolar Disorder,10 years,active
Hector Berry,1983-04-25,2020-10-10,Psychopathy,5 years,active
Nicole Conway,1990-07-14,2021-11-24,Post-Traumatic Stress Disorder,10 years,active
Patrick Schneider,1969-03-15,2023-10-20,Bipolar Disorder,1 year,released
Tyler Daniels IV,1953-08-17,2020-08-10,Psychopathy,2 years,active
Stacy Castaneda,1951-08-18,2023-12-29,Post-Traumatic Stress Disorder,5 years,active
Clifford Hart,1980-08-24,2020-05-01,Post-Traumatic Stress Disorder,10 years,active
Steven Jones,1940-01-15,2021-12-04,Delusional Disorder,10 years,active
Lisa Vega,1979-11-20,2021-07-08,Schizophrenia,10 years,released
Larry Cox,1940-06-19,2023-01-07,Post-Traumatic Stress Disorder,5 years,released
Blake Chang,1988-05-09,2023-06-08,Schizophrenia,1 year,active
Charles Terry,1961-10-03,2020-06-03,Obsessive Compulsive Disorder,5 years,active
Charles Chen,1966-05-10,2022-10-10,Bipolar Disorder,10 years,released
Catherine Perkins,2003-06-09,2021-02-08,Post-Traumatic Stress Disorder,5 years,active
Mr. Brett Cohen DDS,2006-03-29,2020-12-04,Bipolar Disorder,10 years,active
Joshua Suarez,1975-09-09,2020-06-21,Psychopathy,10 years,active
Jennifer Mendoza,1977-08-10,2022-03-05,Obsessive Compulsive Disorder,2 years,active
Mark Foley,1976-02-20,2020-02-19,Bipolar Disorder,3 years,released
Destiny Waters,1937-03-11,2021-12-08,Post-Traumatic Stress Disorder,3 years,active
Gavin Stewart,1981-05-11,2022-04-18,Delusional Disorder,3 years,active
Mark Gomez,1985-02-12,2024-03-15,Delusional Disorder,10 years,released
Timothy Dudley,1936-07-24,2021-08-23,Psychopathy,10 years,released
Rebekah Hernandez,1995-05-24,2022-02-18,Psychopathy,3 years,active
Eric Vasquez,1941-06-07,2024-05-03,Severe Depression,1 year,released
Rebecca Johnson,1996-07-29,2022-06-08,Bipolar Disorder,1 year,released
Kevin Rojas,1934-01-26,2021-12-31,Delusional Disorder,10 years,active
Michael Curtis,1967-02-18,2023-10-11,Paranoid Personality Disorder,10 years,active
Ryan Johnson,1988-04-29,2022-08-10,Schizophrenia,5 years,released
Wayne Vargas,1978-07-05,2020-12-29,Bipolar Disorder,2 years,active
Crystal Cox,1975-06-06,2023-07-26,Obsessive Compulsive Disorder,10 years,released
Nicholas Weaver,1967-08-30,2020-02-10,Severe Depression,3 years,active
Jennifer Dominguez,1985-03-23,2024-05-13,Bipolar Disorder,3 years,released
Sandra Martin,1962-04-27,2024-07-19,Delusional Disorder,5 years,released
Eric Blankenship,1948-05-19,2024-07-15,Post-Traumatic Stress Disorder,3 years,released
Benjamin Brennan,1994-06-12,2022-12-26,Severe Depression,2 years,active
Denise Cole,1977-11-09,2021-06-08,Post-Traumatic Stress Disorder,5 years,released
Jeremy Pennington,1955-04-15,2020-03-06,Psychopathy,5 years,active
Sarah Rogers,1966-09-04,2022-03-26,Schizophrenia,1 year,active
Ronald Webb,1934-02-14,2021-03-16,Bipolar Disorder,5 years,released
Vickie Graham,1952-12-23,2022-05-27,Severe Depression,3 years,released
Rhonda Lawson,1986-05-11,2023-05-04,Obsessive Compulsive Disorder,10 years,released
Shelby Jones,1985-04-14,2020-06-09,Bipolar Disorder,2 years,released
Katie Baker,2002-10-18,2023-04-04,Psychopathy,1 year,released
Aaron Mendoza,1941-09-22,2020-01-27,Delusional Disorder,1 year,active
Ryan Nelson,1938-12-31,2023-04-05,Paranoid Personality Disorder,3 years,active
Mark Stone,1943-04-08,2024-06-17,Schizophrenia,5 years,released
Mrs. Theresa Sanchez,1981-11-27,2023-04-10,Post-Traumatic Stress Disorder,2 years,released
Barbara Porter,1936-11-08,2020-04-13,Schizophrenia,3 years,released
Roy Morgan,2004-01-01,2023-08-21,Obsessive Compulsive Disorder,2 years,released
Cheyenne Williams,1988-04-16,2020-11-29,Paranoid Personality Disorder,5 years,released
Maria Stout,1991-10-04,2023-06-10,Psychopathy,3 years,released
Mary Bradshaw,1936-03-26,2021-10-25,Bipolar Disorder,1 year,active
Kevin Bradley,1982-10-21,2022-10-19,Psychopathy,5 years,released
Shelley Figueroa,2000-04-26,2023-05-19,Severe Depression,1 year,active
William Levine,1968-10-22,2024-04-06,Severe Depression,3 years,released
Michael Palmer,1952-01-03,2022-09-11,Delusional Disorder,1 year,released
Natalie Butler,1997-04-27,2020-02-06,Bipolar Disorder,3 years,active
Michael Wilkerson,1952-07-24,2021-12-12,Paranoid Personality Disorder,5 years,active
Kelly Harper,2003-05-27,2024-06-17,Severe Depression,10 years,released
Miss Julia Gonzalez,2001-09-21,2022-06-22,Obsessive Compulsive Disorder,1 year,active
Donna Maldonado,1940-08-28,2024-07-20,Post-Traumatic Stress Disorder,1 year,active
Sara Sharp,1945-07-13,2024-04-27,Severe Depression,10 years,active
Anne Ellison,1953-08-15,2023-05-13,Bipolar Disorder,5 years,active
Kristen Ortiz,1940-02-17,2020-01-23,Severe Depression,3 years,released
Jesse Shields,1990-12-16,2020-08-27,Paranoid Personality Disorder,5 years,active
Michele Simmons,2001-03-05,2019-12-31,Schizophrenia,3 years,released
Diana Paul,1948-09-01,2024-01-28,Schizophrenia,1 year,active
Travis Boyd,1959-12-25,2022-10-30,Obsessive Compulsive Disorder,3 years,active
Mary Bennett,1993-02-26,2020-11-12,Psychopathy,5 years,active
Edward Harris,1950-12-11,2023-10-06,Obsessive Compulsive Disorder,10 years,released
Melissa Pennington,1934-12-10,2020-08-05,Post-Traumatic Stress Disorder,5 years,released
Dylan Arroyo,1970-08-01,2023-05-19,Post-Traumatic Stress Disorder,1 year,released
Michael Morris,1951-10-11,2024-06-11,Post-Traumatic Stress Disorder,3 years,released
Brian Coleman,1976-07-09,2023-10-14,Obsessive Compulsive Disorder,5 years,active
Mary Hill,1963-10-21,2019-12-07,Paranoid Personality Disorder,3 years,released
Kimberly Bass,1990-02-10,2020-02-23,Schizophrenia,2 years,released
Brittney Walker,2005-11-23,2023-06-09,Bipolar Disorder,2 years,active
Mary Good,1993-12-21,2021-09-06,Delusional Disorder,3 years,released
Austin Garcia,2001-08-18,2021-11-20,Post-Traumatic Stress Disorder,1 year,active
Abigail Reese,1994-03-12,2022-03-25,Post-Traumatic Stress Disorder,1 year,active
Steven Smith,2000-02-23,2023-02-05,Delusional Disorder,2 years,released
Carlos Mccarthy,1995-08-26,2020-02-11,Paranoid Personality Disorder,10 years,active
Kelly Lopez,1976-06-25,2021-06-05,Post-Traumatic Stress Disorder,3 years,released
James Cobb,1997-04-08,2020-07-23,Obsessive Compulsive Disorder,1 year,active
Holly Chapman,2003-03-13,2022-11-07,Psychopathy,5 years,active
Marc Diaz,1975-03-30,2024-10-15,Post-Traumatic Stress Disorder,10 years,active
Jeremy Castillo,1996-09-04,2020-02-12,Paranoid Personality Disorder,5 years,active
Joshua Pena,1986-05-28,2020-04-19,Bipolar Disorder,1 year,released
Donald Smith,1966-10-02,2023-07-12,Post-Traumatic Stress Disorder,2 years,released
Ralph Allen,1950-09-28,2021-09-05,Paranoid Personality Disorder,1 year,released
Tracy Hunter,1937-12-05,2023-02-26,Bipolar Disorder,2 years,active
Brittney Allen,2003-04-06,2020-01-02,Delusional Disorder,5 years,active
Janet Lopez,1987-10-21,2020-04-15,Schizophrenia,2 years,released
Kristina Ford,1972-01-13,2023-11-20,Obsessive Compulsive Disorder,2 years,released
Mrs. Cassandra Morrow,1976-08-16,2021-12-26,Paranoid Personality Disorder,1 year,released
Angela Lynn MD,1991-05-30,2023-10-21,Obsessive Compulsive Disorder,1 year,released
Joan Joseph,1940-02-07,2023-11-12,Paranoid Personality Disorder,3 years,released
Jennifer Contreras,2000-12-25,2020-05-29,Severe Depression,1 year,released
John Gentry,1999-01-10,2020-04-12,Psychopathy,3 years,released
Timothy Turner,1945-04-12,2024-06-02,Obsessive Compulsive Disorder,3 years,released
Harold Jackson,1942-12-23,2024-05-28,Psychopathy,10 years,released
Gary Holloway,1992-02-08,2020-11-22,Psychopathy,3 years,active
Stephanie Hall,1973-05-24,2020-03-07,Delusional Disorder,10 years,released
Michael Dorsey,1956-07-16,2024-03-14,Severe Depression,2 years,released
Jimmy Farmer,1978-09-15,2022-02-17,Bipolar Disorder,1 year,active
Kevin Franklin,1963-12-31,2023-09-26,Schizophrenia,5 years,active
Kathy Foster,2002-07-10,2024-01-11,Paranoid Personality Disorder,2 years,released
Kelly Ramsey,1974-06-28,2021-03-19,Schizophrenia,10 years,active
Vanessa Sherman,1942-06-19,2020-12-30,Schizophrenia,5 years,released
Robert Bennett,1968-09-04,2020-06-20,Severe Depression,1 year,active
Logan Johnson,2000-03-10,2024-01-29,Post-Traumatic Stress Disorder,5 years,active
Beth Moore,1973-12-09,2020-02-27,Severe Depression,3 years,active
Michael Jones,1962-11-20,2023-05-29,Psychopathy,1 year,active
Adrian Diaz MD,1937-04-06,2022-02-22,Severe Depression,3 years,active
Taylor Green,1940-10-03,2020-01-25,Psychopathy,5 years,active
Richard Hodge,1993-08-26,2022-12-30,Schizophrenia,1 year,active
Bryan Bishop,1956-10-03,2024-04-24,Delusional Disorder,1 year,active
Benjamin Valdez,1975-08-09,2022-02-22,Psychopathy,2 years,released
Corey Schroeder,1982-05-09,2020-06-18,Post-Traumatic Stress Disorder,1 year,active
Kelsey Smith,1971-07-01,2024-09-12,Delusional Disorder,5 years,released
Nathaniel Baker,2002-04-04,2021-03-03,Delusional Disorder,10 years,released
Douglas Joyce,1942-08-18,2023-11-11,Delusional Disorder,2 years,active
Timothy Gray,1993-11-22,2019-12-20,Paranoid Personality Disorder,10 years,released
Vernon Manning,2001-05-09,2022-02-04,Paranoid Personality Disorder,3 years,active
Sherry Richmond,1945-02-14,2022-03-29,Psychopathy,1 year,released
Laura Gomez,1936-03-13,2021-11-11,Post-Traumatic Stress Disorder,2 years,active
Jose Leon,1978-02-01,2019-12-03,Paranoid Personality Disorder,10 years,released
Dustin Perry,1965-05-19,2020-04-21,Schizophrenia,1 year,active
Cody Hill,1952-05-21,2021-11-08,Severe Depression,5 years,active
Justin Hill,1977-02-22,2024-04-27,Post-Traumatic Stress Disorder,2 years,active
Glen Martinez DDS,1976-06-03,2022-11-10,Psychopathy,3 years,active
Natalie Heath,1962-03-04,2020-10-23,Psychopathy,1 year,released
Mr. Bryan Thomas,1941-07-10,2019-12-31,Paranoid Personality Disorder,10 years,released
Jimmy Chapman,1975-05-09,2023-08-18,Bipolar Disorder,3 years,active
Patrick Miller,1940-03-03,2023-01-10,Schizophrenia,5 years,released
Katherine Rush,1971-01-19,2020-11-14,Paranoid Personality Disorder,3 years,active
Amanda Perez,1974-04-12,2021-04-08,Bipolar Disorder,3 years,released
Marisa Sampson,2001-09-09,2022-12-13,Severe Depression,2 years,active
Crystal Mclaughlin,1943-12-30,2022-11-17,Obsessive Compulsive Disorder,1 year,released
Christopher Collins,1960-01-02,2021-08-09,Psychopathy,5 years,released
Brian Rangel,1967-09-12,2020-04-10,Severe Depression,1 year,released
Matthew Glover,1990-05-16,2020-07-26,Bipolar Disorder,5 years,released
Daniel Adams,1995-09-17,2019-12-30,Bipolar Disorder,5 years,active
Victoria Anthony,1972-03-02,2022-03-06,Bipolar Disorder,2 years,active
Rebecca Davis,1975-02-13,2020-10-13,Delusional Disorder,2 years,active
Joseph Love,1960-03-24,2021-03-04,Obsessive Compulsive Disorder,2 years,active
Susan Ramirez,2002-08-13,2021-08-21,Obsessive Compulsive Disorder,1 year,active
Brandon Shaw,1993-04-06,2019-12-23,Bipolar Disorder,3 years,active
Thomas Clayton,1939-01-07,2022-12-10,Severe Depression,10 years,released
Alyssa Cole,1979-09-03,2023-04-08,Paranoid Personality Disorder,5 years,active
Joel Garcia,1963-06-10,2020-07-11,Post-Traumatic Stress Disorder,2 years,released
Theresa Nelson,1987-11-05,2020-10-06,Severe Depression,10 years,active
Eric Gomez,1949-12-07,2021-12-01,Post-Traumatic Stress Disorder,5 years,active
Monica Green,1996-07-03,2023-01-17,Psychopathy,1 year,released
Steven Schmidt,1941-10-16,2023-06-30,Psychopathy,2 years,released
Carol Spencer,1976-05-14,2021-01-19,Obsessive Compulsive Disorder,3 years,active
Beth Brock,1998-05-26,2022-01-28,Paranoid Personality Disorder,1 year,released
Sheri Thomas,1937-09-29,2023-02-03,Obsessive Compulsive Disorder,1 year,active
Michael Rhodes,1978-08-06,2020-02-20,Post-Traumatic Stress Disorder,1 year,active
Mike Mitchell,1948-06-13,2023-07-16,Delusional Disorder,3 years,released
Andrea Rocha,1958-02-20,2020-07-21,Schizophrenia,2 years,released
Tanya Nelson,1992-07-05,2022-09-19,Delusional Disorder,5 years,released
Travis Schmidt,1995-10-15,2022-05-13,Delusional Disorder,5 years,active
Edward Baker,1982-04-07,2022-06-20,Bipolar Disorder,1 year,released
Gerald Wheeler,1951-02-09,2024-02-14,Post-Traumatic Stress Disorder,3 years,released
Andrew Smith,1988-10-29,2020-03-23,Delusional Disorder,1 year,released
Felicia Sanchez,1944-07-21,2020-12-30,Delusional Disorder,10 years,released
Dr. Danielle Taylor DVM,1934-08-22,2021-09-30,Bipolar Disorder,10 years,released
Sarah Briggs,1953-12-05,2024-06-06,Bipolar Disorder,1 year,active
Katrina Parker,1989-04-03,2023-02-02,Severe Depression,3 years,released
Christopher Becker DDS,2001-02-23,2021-02-26,Psychopathy,3 years,active
Claire Vasquez,1965-07-17,2021-07-29,Post-Traumatic Stress Disorder,1 year,released
Max Hill,1959-01-20,2020-10-01,Psychopathy,5 years,active
Paul Gonzalez,1943-03-12,2021-03-05,Paranoid Personality Disorder,3 years,active
Corey Ramos,1941-04-21,2020-12-10,Paranoid Personality Disorder,1 year,active
Katie Hubbard,1972-04-10,2023-01-03,Severe Depression,1 year,active
Anna Anthony,1983-08-13,2022-06-26,Severe Depression,1 year,active
Jessica Brown,2003-06-29,2021-07-09,Post-Traumatic Stress Disorder,10 years,released
Kevin Rodriguez,1961-02-06,2020-01-10,Obsessive Compulsive Disorder,10 years,released
Angela Cordova,1969-08-14,2024-02-10,Schizophrenia,10 years,released
Amanda Garner,2000-05-21,2024-09-08,Schizophrenia,2 years,released
Destiny Franco,1944-12-13,2020-01-30,Schizophrenia,10 years,active
Mark Vincent,1990-07-18,2023-12-27,Bipolar Disorder,10 years,active
Timothy Burke,2005-11-14,2023-03-31,Severe Depression,3 years,released
Mr. Carlos Townsend,2006-08-07,2022-03-05,Delusional Disorder,5 years,active
James Peterson,1999-05-31,2020-05-15,Post-Traumatic Stress Disorder,3 years,active
Laurie Hicks,1940-05-07,2021-05-21,Schizophrenia,3 years,released
Christopher Goodman,1954-03-08,2020-01-21,Delusional Disorder,10 years,active
Carmen Lewis,1961-03-13,2023-10-17,Severe Depression,10 years,active
Haley Garcia,1958-05-24,2024-01-26,Psychopathy,3 years,released
Susan Herring,1939-03-03,2021-01-24,Delusional Disorder,10 years,active
Charles Romero,1968-04-28,2020-04-26,Delusional Disorder,5 years,released
Mark Brady,1957-01-29,2020-04-19,Delusional Disorder,5 years,active
Jerry Snyder,1951-06-15,2022-09-16,Schizophrenia,1 year,active
Shirley Ritter,1962-04-23,2020-05-24,Psychopathy,10 years,active
William Stevenson,1957-04-19,2020-11-28,Post-Traumatic Stress Disorder,2 years,released
Tracy Marshall,1982-10-18,2021-11-20,Post-Traumatic Stress Disorder,5 years,active
Phillip Lyons,1959-01-26,2023-05-07,Obsessive Compulsive Disorder,3 years,active
Kaitlin Campos,1946-10-31,2020-09-20,Severe Depression,10 years,released
Reginald Le,1965-01-05,2022-08-18,Bipolar Disorder,5 years,released
Karen Hall,1963-05-26,2024-10-31,Psychopathy,2 years,active
Richard Lowery,1944-11-25,2022-12-15,Obsessive Compulsive Disorder,2 years,active
Amanda Randolph,1985-06-18,2021-06-22,Bipolar Disorder,10 years,released
Jeffrey Rosario,1997-12-02,2024-05-30,Schizophrenia,10 years,active
Tonya Brown,1951-06-19,2020-09-16,Severe Depression,3 years,released
Donald Williams,1940-05-03,2022-01-09,Obsessive Compulsive Disorder,5 years,active
Keith Cook,1996-12-28,2024-07-20,Paranoid Personality Disorder,5 years,active
Nicole Mccarty,1988-04-15,2023-11-10,Bipolar Disorder,1 year,active
Terry Gates,1981-05-28,2024-04-22,Severe Depression,10 years,active
Allison Clements,1994-06-27,2022-07-13,Psychopathy,1 year,active
Kristopher King,1975-02-19,2020-04-13,Post-Traumatic Stress Disorder,1 year,active
Frank Holt,1960-01-07,2023-10-31,Post-Traumatic Stress Disorder,10 years,active
Emma Kim,1959-06-15,2023-06-21,Psychopathy,2 years,active
Chad Kelley,1949-02-13,2024-07-05,Bipolar Disorder,10 years,active
Craig Morrow,1952-11-22,2024-01-21,Obsessive Compulsive Disorder,1 year,released
Cindy Smith,1981-03-12,2023-12-29,Post-Traumatic Stress Disorder,5 years,released
Ashley Craig,1978-12-08,2022-01-14,Delusional Disorder,5 years,active
Deanna Dominguez,1993-02-22,2020-07-18,Obsessive Compulsive Disorder,3 years,active
Richard Kelley,1975-07-03,2021-08-20,Delusional Disorder,5 years,active
Eric Boyer,2006-05-10,2023-12-07,Schizophrenia,3 years,released
Eric Scott,1960-06-21,2024-05-19,Obsessive Compulsive Disorder,5 years,released
Holly Bradley,1954-02-17,2022-07-12,Obsessive Compulsive Disorder,2 years,active
Kelly Green,1973-09-24,2023-10-14,Severe Depression,5 years,released
Paul Patterson,1995-05-26,2020-11-16,Bipolar Disorder,10 years,released
Eric Schwartz,1958-04-21,2020-11-16,Delusional Disorder,5 years,released
Cindy Jefferson,1944-02-01,2024-04-11,Severe Depression,2 years,released
Daniel Lloyd,1956-08-28,2020-06-17,Obsessive Compulsive Disorder,1 year,active
Richard Morales,1994-12-18,2023-03-23,Severe Depression,3 years,active
David Bowers,1948-08-29,2023-01-05,Obsessive Compulsive Disorder,1 year,active
Amanda Cooper,1970-11-22,2022-01-17,Delusional Disorder,3 years,released
Kenneth Mcconnell Jr.,1936-03-17,2019-12-30,Paranoid Personality Disorder,10 years,released
Sandra Flores,1958-08-24,2021-12-23,Delusional Disorder,3 years,released
Melissa Simpson,1946-07-01,2024-02-18,Severe Depression,1 year,released
Rick Santos,1968-02-27,2023-04-03,Severe Depression,1 year,released
Douglas Russell,1946-03-07,2020-01-15,Paranoid Personality Disorder,10 years,released
Ronald Gross,1999-04-04,2024-01-07,Obsessive Compulsive Disorder,1 year,active
Kelly Collins,1973-11-04,2021-07-11,Post-Traumatic Stress Disorder,3 years,released
Rebekah Cortez,1938-12-08,2020-11-28,Obsessive Compulsive Disorder,3 years,active
Natalie Salazar,1967-02-01,2024-01-25,Obsessive Compulsive Disorder,2 years,active
Jeffery Ferguson,1970-11-14,2020-11-07,Severe Depression,3 years,released
Danny Stewart MD,2006-09-25,2021-03-06,Delusional Disorder,3 years,released
Mackenzie Randall,1947-06-04,2020-12-24,Delusional Disorder,2 years,active
Tammy Alexander,1935-11-11,2022-11-13,Paranoid Personality Disorder,10 years,active
Alan Conrad,1991-10-17,2024-03-27,Severe Depression,3 years,active
Timothy Flores,1981-12-14,2021-05-23,Delusional Disorder,2 years,active
Michael Harris,1965-11-09,2023-12-28,Post-Traumatic Stress Disorder,10 years,released
Patricia Carter,1985-12-06,2020-09-27,Bipolar Disorder,5 years,released
Margaret Huff,2002-03-23,2023-04-11,Delusional Disorder,1 year,released
Cynthia Baker,1969-10-03,2020-07-27,Paranoid Personality Disorder,2 years,released
Francisco Williams,2000-08-03,2023-06-18,Obsessive Compulsive Disorder,3 years,active
Jessica Costa MD,1934-05-16,2024-05-20,Severe Depression,5 years,released
Phyllis Taylor,1978-09-14,2022-11-06,Severe Depression,1 year,active
Jeremy Crane,1981-06-15,2023-01-01,Psychopathy,2 years,released
Anthony Murray,1989-08-29,2021-12-29,Bipolar Disorder,10 years,released
Daniel Frank,1989-09-30,2021-05-29,Obsessive Compulsive Disorder,5 years,active
Tamara Martin,1943-04-27,2021-07-21,Severe Depression,3 years,released
William Clark,1997-08-20,2020-01-07,Obsessive Compulsive Disorder,2 years,released
Patricia Ramirez,1962-07-16,2020-09-19,Post-Traumatic Stress Disorder,2 years,released
Christina Roth,1976-07-28,2022-07-29,Schizophrenia,10 years,released
John Johnson,1943-04-11,2020-08-30,Obsessive Compulsive Disorder,10 years,active
Brent Morgan,1996-01-05,2023-11-30,Paranoid Personality Disorder,2 years,released
Jennifer Werner,1965-12-13,2022-09-13,Severe Depression,1 year,released
William Hart,1994-12-25,2023-03-01,Delusional Disorder,5 years,released
Amber Watson,1952-07-10,2024-08-10,Obsessive Compulsive Disorder,2 years,released
Richard Walker,1973-11-24,2024-01-22,Severe Depression,1 year,active
Rachel Perry,1988-11-13,2020-01-20,Delusional Disorder,3 years,active
Jenny Powell,1993-08-06,2022-12-03,Psychopathy,10 years,released
Peter Morris,1994-01-20,2024-03-10,Obsessive Compulsive Disorder,3 years,active
Jane Edwards,1965-03-19,2022-04-02,Post-Traumatic Stress Disorder,1 year,released
Jessica Walker,1943-09-11,2020-01-14,Post-Traumatic Stress Disorder,3 years,active
Michael Long,1987-04-26,2020-06-17,Obsessive Compulsive Disorder,3 years,released
Ronald James,1999-12-29,2023-02-13,Bipolar Disorder,2 years,released
Elizabeth Knight,1949-07-05,2021-09-09,Psychopathy,5 years,active
David Castro,2004-04-07,2024-01-16,Schizophrenia,1 year,active
Mrs. Elizabeth Bell,1958-10-14,2020-12-23,Post-Traumatic Stress Disorder,5 years,active
Shelby Christian,1970-05-24,2021-06-14,Psychopathy,10 years,released
Mario Dillon,1982-06-26,2021-12-27,Severe Depression,3 years,active
Carrie Oneill,1985-04-26,2020-02-28,Psychopathy,10 years,released
Mrs. Kelly Barnes,1976-01-03,2021-11-26,Delusional Disorder,3 years,active
Stephen Oconnor,1984-03-01,2024-02-28,Schizophrenia,5 years,active
Amber Knapp,1939-04-12,2021-05-18,Psychopathy,2 years,active
Nicholas Jimenez,1985-07-21,2021-08-25,Paranoid Personality Disorder,3 years,released
John King,1984-08-09,2023-02-15,Severe Depression,10 years,released
Willie Baker,1998-08-30,2024-01-28,Bipolar Disorder,10 years,released
James Davis,1982-07-27,2023-08-24,Delusional Disorder,10 years,active
Brian Weaver,1951-12-18,2023-03-22,Psychopathy,5 years,released
Matthew Thomas,1971-08-19,2021-05-24,Obsessive Compulsive Disorder,3 years,active
Melissa Salinas,1994-03-03,2024-03-06,Post-Traumatic Stress Disorder,3 years,active
Steven Dawson,1944-02-11,2024-02-05,Schizophrenia,3 years,active
Robert Logan,1995-02-22,2024-02-01,Schizophrenia,3 years,released
Julie Clark,2001-11-21,2020-06-15,Obsessive Compulsive Disorder,10 years,released
Victoria Branch,1934-10-19,2020-10-08,Psychopathy,3 years,active
Sarah Tran,1945-06-09,2022-05-15,Post-Traumatic Stress Disorder,2 years,released
Angela Stein,1997-10-04,2023-10-21,Psychopathy,2 years,active
Krista Castillo,1950-07-27,2021-12-24,Post-Traumatic Stress Disorder,2 years,released
Taylor Murphy,1976-06-07,2020-12-29,Paranoid Personality Disorder,2 years,released
Christopher Rivera,1938-05-02,2023-06-19,Obsessive Compulsive Disorder,3 years,active
Amy Cooper,1985-08-23,2020-01-01,Delusional Disorder,5 years,released
David Graves,1934-05-13,2024-07-24,Psychopathy,2 years,released
Catherine Roberts,1954-02-23,2024-08-02,Schizophrenia,2 years,active
Alex Franklin,1999-02-06,2019-12-15,Obsessive Compulsive Disorder,5 years,active
Jodi Thomas,1972-02-21,2020-07-22,Obsessive Compulsive Disorder,3 years,released
Haley Schmitt,2001-01-10,2022-01-18,Schizophrenia,3 years,active
Calvin Jenkins,1982-06-12,2020-06-22,Obsessive Compulsive Disorder,1 year,released
Timothy Zamora,2001-08-11,2020-12-27,Schizophrenia,5 years,released
Patricia Moore,1946-09-01,2020-08-26,Paranoid Personality Disorder,10 years,active
Suzanne Phillips,1977-12-16,2021-08-01,Severe Depression,1 year,released
Marcus Williams,1965-08-27,2024-04-23,Obsessive Compulsive Disorder,1 year,active
Casey Martin,1957-05-31,2023-12-02,Schizophrenia,5 years,released
John Kelly,1960-05-30,2023-12-19,Psychopathy,2 years,released
Antonio Turner II,1979-11-16,2022-08-09,Obsessive Compulsive Disorder,1 year,released
Dr. Meagan Haynes,1935-03-14,2024-09-12,Paranoid Personality Disorder,1 year,released
Travis Harmon,1972-08-23,2023-05-31,Psychopathy,10 years,released
Pedro Johnson,1975-11-01,2021-08-14,Bipolar Disorder,10 years,active
Troy Young,1994-02-16,2023-12-22,Post-Traumatic Stress Disorder,2 years,released
George Sullivan,1941-07-16,2022-02-13,Delusional Disorder,3 years,active
Jennifer Jackson,1944-07-05,2023-04-05,Obsessive Compulsive Disorder,3 years,released
Jessica Beltran,1956-07-06,2019-11-17,Post-Traumatic Stress Disorder,10 years,released
Danielle Key,1991-11-07,2022-05-14,Bipolar Disorder,10 years,active
Marcus Smith,1963-02-24,2020-08-14,Delusional Disorder,1 year,active
Donna Lloyd,1983-09-26,2023-03-08,Obsessive Compulsive Disorder,2 years,released
Natalie Chambers,1962-05-05,2023-05-08,Delusional Disorder,2 years,released
Allison Walker,1954-03-05,2022-10-08,Obsessive Compulsive Disorder,5 years,released
Tanya Zimmerman MD,1954-12-16,2020-03-12,Bipolar Disorder,5 years,active
Marie House,1950-03-26,2024-09-23,Post-Traumatic Stress Disorder,10 years,active
Jacqueline Wright,1985-03-03,2021-04-01,Schizophrenia,3 years,active
Brianna Payne,1987-01-25,2023-02-24,Bipolar Disorder,3 years,released
Darryl Salinas,1984-08-18,2023-12-19,Paranoid Personality Disorder,10 years,released
Heather Simon,1963-08-20,2024-05-01,Bipolar Disorder,5 years,released
Christopher Johnson,2005-02-26,2022-03-28,Paranoid Personality Disorder,2 years,released
Paul Carrillo,1984-01-10,2021-05-22,Psychopathy,10 years,released
Heidi Tucker,1945-09-17,2022-02-18,Delusional Disorder,1 year,active
Luke Kelley,1952-10-22,2023-01-17,Schizophrenia,3 years,active
Nathan Fleming,1981-09-27,2024-08-10,Delusional Disorder,2 years,active
Daniel Lopez,1949-04-28,2020-09-27,Delusional Disorder,5 years,active
Kelly Rodriguez PhD,1995-03-02,2019-12-05,Schizophrenia,10 years,active
Jessica Taylor,1990-07-11,2023-10-18,Paranoid Personality Disorder,5 years,active
Alex Bell,1963-01-02,2022-02-02,Post-Traumatic Stress Disorder,5 years,released
Jerry Rose,1979-11-12,2021-06-21,Psychopathy,2 years,active
Stacy Gay,1945-12-17,2022-07-07,Delusional Disorder,10 years,released
Matthew Johnson,1987-07-31,2022-09-10,Post-Traumatic Stress Disorder,10 years,active
Kimberly Morales,2003-04-29,2020-12-10,Schizophrenia,2 years,active
Eric Bell,1995-10-28,2020-06-07,Schizophrenia,1 year,active
Sarah Stephenson,1976-05-10,2023-08-10,Post-Traumatic Stress Disorder,3 years,released
Chelsea Powell,1944-04-07,2020-01-01,Bipolar Disorder,1 year,active
Thomas Carr,1996-09-27,2024-09-16,Bipolar Disorder,3 years,released
Lisa Schaefer,1953-11-19,2022-03-03,Severe Depression,3 years,released
Christine Floyd,2002-07-31,2021-08-12,Psychopathy,3 years,released
Justin Bond,1941-12-01,2021-05-08,Severe Depression,2 years,active
Alexander Lewis,1983-04-21,2019-11-26,Post-Traumatic Stress Disorder,10 years,active
Mark Rojas,1964-08-11,2023-11-27,Post-Traumatic Stress Disorder,2 years,active
Frances Russell,1961-07-11,2024-04-22,Post-Traumatic Stress Disorder,1 year,active
Carlos Ferguson,1961-02-24,2022-10-30,Psychopathy,1 year,released
Mr. Curtis Williams,1952-11-24,2022-10-10,Delusional Disorder,3 years,active
Kelsey Rodriguez,1976-12-13,2022-10-02,Psychopathy,10 years,released
Samantha Swanson,1995-01-29,2023-03-11,Paranoid Personality Disorder,10 years,released
Raymond Robertson,1957-09-02,2020-01-27,Psychopathy,1 year,active
Mrs. Gabriela Johnson DDS,1958-07-26,2022-03-14,Post-Traumatic Stress Disorder,3 years,released
Joan Turner,1967-06-04,2024-09-30,Paranoid Personality Disorder,2 years,active
Mark Esparza,1994-03-20,2021-12-05,Delusional Disorder,5 years,released
Deborah Miles,1942-06-18,2023-09-27,Bipolar Disorder,3 years,active
Brandon Reyes,1960-08-10,2024-08-12,Bipolar Disorder,10 years,released
Austin Wagner,1952-01-08,2021-05-17,Delusional Disorder,3 years,active
David Logan,1996-07-07,2020-04-21,Post-Traumatic Stress Disorder,5 years,active
Allison Cohen,1958-11-15,2022-06-17,Bipolar Disorder,5 years,released
Dean Mcdonald,1952-03-21,2021-04-02,Post-Traumatic Stress Disorder,1 year,released
Jeffrey Becker,1989-12-06,2020-06-02,Obsessive Compulsive Disorder,1 year,active
Deborah Moore,1992-11-30,2023-12-26,Paranoid Personality Disorder,3 years,released
Alicia Smith,1947-11-23,2022-06-09,Paranoid Personality Disorder,5 years,released
Andrew Miller,1939-02-09,2024-09-26,Delusional Disorder,3 years,active
Randy Smith,1944-02-12,2024-09-25,Delusional Disorder,3 years,active
Stephen Peters,1969-09-07,2024-07-10,Paranoid Personality Disorder,2 years,active
Adriana Navarro,1990-12-01,2020-06-30,Psychopathy,10 years,active
David Ellis,1941-04-13,2022-08-07,Psychopathy,10 years,active
Nancy White,1968-02-20,2020-05-13,Delusional Disorder,5 years,released
Brian Thompson,1945-05-23,2024-08-31,Post-Traumatic Stress Disorder,2 years,released
Jeffrey Thompson,1958-07-14,2022-11-21,Psychopathy,2 years,active
Donald Hall,1933-12-10,2020-05-07,Delusional Disorder,1 year,released
Michael Francis,1997-12-25,2021-05-16,Psychopathy,1 year,released
Andrew Bradley,1951-06-23,2022-09-21,Psychopathy,3 years,active
Nancy Lee,1934-05-25,2020-04-06,Obsessive Compulsive Disorder,2 years,active
Luis Wilson,1973-03-19,2020-11-15,Psychopathy,10 years,active
Dennis Robinson,1983-05-07,2021-06-29,Severe Depression,2 years,active
James Smith,1945-07-02,2021-11-12,Psychopathy,10 years,released
Rebecca Wright,1982-01-01,2022-10-16,Obsessive Compulsive Disorder,5 years,released
Scott Keller,1982-09-08,2022-12-19,Paranoid Personality Disorder,2 years,released
Terri Ballard DDS,1975-04-16,2022-11-08,Schizophrenia,2 years,active
Matthew Brown,1949-01-16,2024-08-26,Delusional Disorder,1 year,released
David Orr,1980-01-04,2022-11-30,Obsessive Compulsive Disorder,10 years,released
Michele Lawrence,1972-01-08,2021-06-14,Post-Traumatic Stress Disorder,3 years,active
Dillon Campbell,1941-10-22,2023-10-12,Post-Traumatic Stress Disorder,10 years,released
Crystal Ochoa,1981-08-02,2023-04-01,Paranoid Personality Disorder,1 year,active
David Kennedy,1984-06-29,2022-12-30,Severe Depression,1 year,active
Victor Gardner,1937-04-15,2024-04-18,Severe Depression,10 years,active
Tara Cox,1969-06-01,2023-05-01,Delusional Disorder,2 years,released
Austin Morgan,1952-02-04,2020-09-12,Paranoid Personality Disorder,3 years,active
James Chapman,1986-01-27,2020-06-10,Schizophrenia,1 year,released
Victoria Bryant,1955-03-15,2024-01-29,Delusional Disorder,10 years,active
Anthony Marshall,1952-06-21,2023-09-18,Paranoid Personality Disorder,3 years,active
Bruce Ramirez,1984-02-16,2023-04-06,Schizophrenia,1 year,released
Cory Rosales,1962-10-15,2021-03-20,Schizophrenia,5 years,released
Charles Carr,1955-05-22,2019-11-10,Delusional Disorder,1 year,released
Greg Newman,1963-09-20,2020-06-18,Delusional Disorder,10 years,active
Jimmy Adkins,1937-04-20,2023-01-08,Severe Depression,5 years,active
Andre Hardy,1935-06-18,2024-06-23,Psychopathy,1 year,released
Randall Hernandez,1994-03-08,2020-03-19,Paranoid Personality Disorder,10 years,active
Brittany Norton,1967-03-11,2023-03-29,Obsessive Compulsive Disorder,10 years,released
Courtney Wagner,1946-09-05,2024-10-06,Obsessive Compulsive Disorder,1 year,active
Debra Garcia,1999-01-08,2020-02-19,Severe Depression,3 years,active
Kathleen Martin,2006-07-28,2021-02-11,Schizophrenia,2 years,released
Adam Zhang,1942-05-10,2020-07-13,Bipolar Disorder,3 years,released
Sabrina Perez,2002-12-05,2022-09-25,Schizophrenia,2 years,released
Debbie Carlson,1966-02-10,2022-05-22,Schizophrenia,1 year,active
Tammy Cook,1938-01-21,2020-11-08,Psychopathy,10 years,released
Shannon Mayer,1954-03-05,2022-01-15,Severe Depression,10 years,active
William Rhodes,1999-11-06,2024-05-25,Schizophrenia,3 years,released
Marie Rodriguez,1972-01-25,2024-04-27,Bipolar Disorder,2 years,active
Kathleen Hanson,1998-06-30,2022-08-03,Psychopathy,5 years,active
Trevor Yates,1999-08-29,2023-10-11,Bipolar Disorder,3 years,active
Austin Weaver,1976-12-02,2019-12-21,Severe Depression,3 years,released
Madison Miller,1943-06-11,2021-04-07,Psychopathy,3 years,active
Morgan Ellis,1964-03-12,2024-10-14,Bipolar Disorder,10 years,active
Michelle Love,1977-01-16,2022-02-11,Paranoid Personality Disorder,5 years,released
Jeffery Robinson,1996-07-18,2023-06-12,Psychopathy,3 years,released
Cheyenne Butler,1956-04-03,2023-03-20,Obsessive Compulsive Disorder,3 years,released
David Johnson,1968-06-10,2020-09-26,Obsessive Compulsive Disorder,5 years,released
Tracy Jones,1980-03-04,2023-11-18,Schizophrenia,2 years,active
Kyle Bray,1944-01-26,2021-02-01,Bipolar Disorder,3 years,released
Gregory Moran,1949-01-31,2021-08-02,Post-Traumatic Stress Disorder,2 years,active
Patricia Yu,1949-11-26,2021-05-02,Delusional Disorder,10 years,active
Jessica Lopez,1991-02-22,2023-04-06,Severe Depression,3 years,active
Jessica Lawrence,1998-01-23,2021-05-12,Psychopathy,3 years,released
Ryan Wagner,1940-11-08,2021-12-03,Delusional Disorder,3 years,active
Jessica Freeman,1965-08-24,2022-06-15,Obsessive Compulsive Disorder,1 year,released
Angela King,2005-07-01,2021-09-27,Post-Traumatic Stress Disorder,3 years,released
Kelly Bailey,1985-06-02,2023-11-12,Delusional Disorder,3 years,released
Angela Ramirez,1959-05-22,2021-08-20,Schizophrenia,5 years,released
Jean Williams DVM,1952-02-01,2024-08-06,Psychopathy,3 years,active
Andrew Jordan,2002-06-02,2024-04-11,Delusional Disorder,3 years,active
Suzanne Smith,1934-12-02,2020-07-11,Psychopathy,1 year,active
Rebecca Oconnor,2002-06-25,2022-12-23,Severe Depression,1 year,active
Justin Lawrence,1965-03-25,2020-11-26,Psychopathy,1 year,released
Sandra Gregory,1984-04-28,2024-07-23,Post-Traumatic Stress Disorder,1 year,active
Rachael Rivers,1989-05-12,2022-07-21,Psychopathy,1 year,active
Melissa Gonzalez,2004-05-15,2020-04-08,Paranoid Personality Disorder,5 years,active
Patricia Spencer,1969-10-07,2023-11-25,Obsessive Compulsive Disorder,2 years,active
William Foster,1985-08-16,2021-07-11,Obsessive Compulsive Disorder,10 years,released
Morgan Cox,1999-04-29,2022-06-04,Paranoid Personality Disorder,5 years,released
Lisa Thomas,2004-06-28,2023-11-16,Paranoid Personality Disorder,1 year,active
Tina Fuller,1998-10-21,2021-08-10,Severe Depression,3 years,released
Joshua Herring,2004-11-27,2021-07-16,Bipolar Disorder,5 years,active
Samuel Daugherty,1977-04-30,2022-09-04,Schizophrenia,1 year,released
Christopher Walsh,1975-11-08,2023-06-22,Post-Traumatic Stress Disorder,5 years,active
Amy Garcia,1985-01-01,2021-11-23,Bipolar Disorder,10 years,active
Jesus Lucero,1996-04-02,2020-12-14,Post-Traumatic Stress Disorder,10 years,active
Anna Adams,2004-09-30,2020-10-07,Severe Depression,2 years,active
Christopher Smith,1995-05-02,2022-07-15,Bipolar Disorder,3 years,active
Lawrence Hayes,1954-04-17,2021-06-05,Psychopathy,2 years,active
James Rodriguez Jr.,1957-09-24,2023-11-05,Schizophrenia,2 years,active
Kristopher Sanchez MD,1942-11-13,2021-12-02,Severe Depression,2 years,active
Ronald Lambert,1976-03-13,2020-09-01,Paranoid Personality Disorder,3 years,active
Olivia Flores,1948-07-27,2020-01-27,Psychopathy,1 year,released
Rachel Henderson,1987-10-04,2022-01-03,Obsessive Compulsive Disorder,3 years,active
Vanessa Knight,1999-01-28,2022-08-16,Psychopathy,3 years,released
Sarah Pratt MD,1964-08-17,2023-02-10,Delusional Disorder,5 years,released
Ashley Williams,1988-05-07,2022-06-15,Obsessive Compulsive Disorder,3 years,active
Rhonda Evans,1983-05-16,2020-12-03,Delusional Disorder,10 years,active
Trevor Hall,1949-02-18,2022-04-22,Paranoid Personality Disorder,2 years,active
Amanda Trujillo,1989-07-07,2023-03-25,Severe Depression,2 years,active
Christy Keith,1968-02-10,2019-11-10,Bipolar Disorder,2 years,released
Carrie Jenkins,1999-03-20,2024-05-09,Psychopathy,2 years,active
Mercedes Daniels,1993-01-30,2022-07-24,Psychopathy,3 years,active
Kurt Smith,1993-02-19,2020-09-18,Bipolar Disorder,5 years,active
Travis Myers,1947-01-28,2023-10-29,Schizophrenia,1 year,released
Jerry Watts,1940-08-03,2024-04-04,Severe Depression,5 years,released
Bruce Stafford,1996-10-12,2021-07-03,Schizophrenia,3 years,active
Jack Allen,1997-04-20,2023-02-23,Severe Depression,10 years,active
Ryan Lee,1940-09-23,2020-02-24,Bipolar Disorder,10 years,released
Paul Montoya,1989-01-22,2021-10-08,Severe Depression,10 years,released
Christopher Mcdonald,2000-06-12,2020-02-10,Post-Traumatic Stress Disorder,2 years,active
Eric Evans,1990-02-02,2023-09-11,Obsessive Compulsive Disorder,5 years,active
Dalton Carpenter,1935-06-19,2021-02-07,Psychopathy,1 year,active
Lindsay Martinez,1938-06-06,2024-02-05,Psychopathy,5 years,released
Matthew Griffith,1969-01-22,2021-07-26,Paranoid Personality Disorder,3 years,active
Emily Wells,1998-01-28,2024-03-01,Bipolar Disorder,1 year,released
Jake Burch,1941-06-11,2022-12-03,Schizophrenia,1 year,released
Ashley Mayer,1972-02-25,2021-12-12,Bipolar Disorder,10 years,released
Dennis Mclaughlin,1997-12-25,2022-11-29,Psychopathy,10 years,active
Mitchell Ortiz,1941-11-01,2020-09-25,Delusional Disorder,5 years,active
Mrs. Christie Mejia,1950-10-28,2020-01-09,Paranoid Personality Disorder,10 years,active
Jeffrey Houston,1967-07-25,2021-05-01,Obsessive Compulsive Disorder,10 years,active
William Foster,1939-08-23,2022-02-27,Obsessive Compulsive Disorder,2 years,active
Amy Boyd,1957-06-20,2023-12-31,Psychopathy,3 years,active
Angela Thomas,1995-06-22,2022-02-12,Severe Depression,3 years,active
Julia Clarke,1968-07-16,2020-11-19,Psychopathy,3 years,released
Christopher Wright,1947-12-30,2019-12-27,Post-Traumatic Stress Disorder,10 years,released
Connie Perez,1991-03-10,2022-06-02,Paranoid Personality Disorder,2 years,released
Holly Diaz,1996-07-19,2020-01-14,Psychopathy,10 years,active
Christy Rush,1964-10-31,2019-11-28,Bipolar Disorder,2 years,released
Mrs. Pamela Hale,1971-02-12,2020-04-25,Bipolar Disorder,5 years,active
Wendy Sanchez MD,1937-10-31,2022-08-27,Paranoid Personality Disorder,10 years,active
Sarah Allen,1991-10-28,2024-07-17,Schizophrenia,3 years,released
Taylor Ellison,1986-01-13,2024-06-11,Paranoid Personality Disorder,5 years,released
Joy Ramirez,1998-12-30,2022-12-03,Psychopathy,5 years,active
Gloria Hayes,1948-04-03,2023-06-16,Obsessive Compulsive Disorder,2 years,released
Jared Jensen,1983-12-28,2023-04-17,Paranoid Personality Disorder,3 years,released
Jill Beck,1954-05-31,2021-10-02,Post-Traumatic Stress Disorder,1 year,active
Dana Clark,2002-04-16,2020-12-02,Obsessive Compulsive Disorder,10 years,released
Aaron Compton,1979-05-07,2022-03-14,Post-Traumatic Stress Disorder,3 years,released
Jeffery Roberts,1947-06-07,2020-12-22,Severe Depression,2 years,active
Dustin Cooper,1979-07-29,2023-10-01,Schizophrenia,3 years,active
Melissa Hurst,2001-09-21,2024-02-20,Severe Depression,5 years,released
Steven Kramer,1963-08-28,2023-08-13,Obsessive Compulsive Disorder,3 years,active
Dr. Michael Smith,1981-01-26,2022-03-01,Severe Depression,2 years,active
Jamie Drake,1976-03-23,2021-03-22,Paranoid Personality Disorder,1 year,active
Brendan Smith,1938-05-30,2021-03-03,Psychopathy,1 year,released
Jennifer Chapman,1941-08-17,2021-01-16,Obsessive Compulsive Disorder,5 years,released
Gary Raymond,1982-01-09,2020-10-25,Psychopathy,2 years,released
Miss Claudia Lee,1949-10-03,2021-02-10,Severe Depression,3 years,active
Lisa May MD,1961-04-02,2023-05-03,Bipolar Disorder,3 years,released
Juan George,1956-01-31,2020-12-16,Post-Traumatic Stress Disorder,2 years,released
Mitchell Page,1971-05-16,2021-06-17,Psychopathy,2 years,active
Jim Williams,1981-08-24,2021-11-08,Severe Depression,3 years,active
Lindsay Sullivan,1979-02-13,2023-07-09,Schizophrenia,1 year,active
Jason Harvey,1998-01-13,2023-06-11,Severe Depression,10 years,active
Bobby Choi,1942-11-04,2022-05-10,Paranoid Personality Disorder,1 year,active
Jessica Lopez,1962-06-28,2020-06-08,Bipolar Disorder,5 years,released
Daniel Mccarthy,1970-11-17,2021-04-28,Bipolar Disorder,5 years,active
Lori Underwood,1986-07-22,2020-05-23,Delusional Disorder,3 years,active
Daniel Smith Jr.,1992-03-25,2023-08-06,Obsessive Compulsive Disorder,2 years,active
Christopher Sharp,1982-05-09,2024-09-22,Delusional Disorder,3 years,released
Leslie Johnson,1991-02-13,2021-03-16,Schizophrenia,2 years,released
Morgan Flores,1946-09-02,2020-11-09,Psychopathy,1 year,active
Randy Douglas,1938-01-18,2020-08-16,Severe Depression,1 year,active
Christie Huang,1957-03-27,2021-05-22,Paranoid Personality Disorder,1 year,active
Richard Turner,1965-04-20,2023-03-23,Severe Depression,2 years,released
Stephanie Little,1949-04-10,2020-06-30,Paranoid Personality Disorder,10 years,active
Joe Bonilla,1949-10-30,2023-08-01,Bipolar Disorder,3 years,released
Richard Fleming,1940-12-22,2023-05-30,Bipolar Disorder,5 years,active
Dana Kaufman,1940-11-28,2023-08-11,Obsessive Compulsive Disorder,1 year,active
William Kelly,1963-08-22,2022-09-02,Severe Depression,2 years,active
Bobby Davis,2004-04-28,2021-05-20,Paranoid Personality Disorder,10 years,released
Tammy Madden,1974-01-01,2023-12-05,Bipolar Disorder,1 year,active
Alan Craig,1952-10-23,2023-01-15,Severe Depression,1 year,released
Mary Zamora,1986-04-03,2021-05-04,Post-Traumatic Stress Disorder,2 years,released
Karen Ramsey,1949-08-09,2022-05-17,Psychopathy,1 year,released
John Adams,2002-08-07,2024-10-02,Paranoid Personality Disorder,1 year,released
Christina Dunn,1957-01-17,2021-05-01,Post-Traumatic Stress Disorder,1 year,released
Cheyenne Stephens,1965-10-07,2020-03-16,Schizophrenia,3 years,released
Catherine Richards,2000-01-16,2021-06-15,Paranoid Personality Disorder,2 years,active
Gabriela Brennan,1993-01-26,2021-12-04,Psychopathy,10 years,active
Jesus Lynch,2005-06-03,2020-09-29,Paranoid Personality Disorder,5 years,released
Jacob Jensen,1962-05-28,2022-01-28,Severe Depression,10 years,active
Angela Willis,1950-04-21,2020-03-10,Paranoid Personality Disorder,3 years,released
Alexander Vega,1984-09-01,2021-03-21,Obsessive Compulsive Disorder,5 years,released
Charles Moran,1967-08-02,2020-02-28,Post-Traumatic Stress Disorder,1 year,active
Katie Collins,1994-11-08,2020-12-31,Psychopathy,3 years,released
Kimberly Lee,1972-06-11,2024-03-29,Obsessive Compulsive Disorder,10 years,released
Michelle Black,2004-06-01,2022-10-19,Obsessive Compulsive Disorder,3 years,released
David Gonzalez,1936-09-21,2022-11-06,Schizophrenia,1 year,released
Dawn Weber,1999-10-22,2021-04-04,Obsessive Compulsive Disorder,3 years,released
Christine Hernandez,1998-02-26,2024-08-21,Paranoid Personality Disorder,5 years,released
Melissa Bell,1991-06-09,2022-11-23,Post-Traumatic Stress Disorder,3 years,active
Marcus Lang,1938-07-15,2020-03-23,Psychopathy,2 years,active
Deborah Mcpherson,1935-01-07,2023-01-11,Paranoid Personality Disorder,2 years,active
Alan Avila,1988-04-03,2022-04-15,Delusional Disorder,10 years,released
Sergio Johnson,2001-11-18,2020-03-11,Post-Traumatic Stress Disorder,10 years,active
Heidi Hamilton,1981-01-12,2021-06-21,Obsessive Compulsive Disorder,5 years,active
Julie Valentine,1988-02-16,2024-06-26,Severe Depression,2 years,released
April Yates,1945-08-17,2024-05-29,Schizophrenia,5 years,active
Jose Murillo DDS,2005-12-25,2022-05-23,Paranoid Personality Disorder,10 years,active
Angela Osborne,1942-02-04,2023-05-22,Bipolar Disorder,5 years,active
Jennifer Morrison,1976-08-23,2021-02-12,Paranoid Personality Disorder,10 years,released
Carlos Rowland,1942-11-25,2022-09-18,Paranoid Personality Disorder,5 years,active
Mrs. Kristen Smith MD,1952-09-10,2021-07-16,Delusional Disorder,10 years,released
Adam Moore,1975-03-15,2022-05-14,Obsessive Compulsive Disorder,3 years,active
Jeanette Lynn,1960-06-01,2022-03-13,Severe Depression,2 years,active
Jennifer Middleton,2005-05-07,2020-12-28,Severe Depression,10 years,active
Taylor Page,1977-02-03,2024-03-08,Schizophrenia,2 years,released
Christopher Patel,1984-12-09,2022-02-15,Psychopathy,10 years,active
Joshua Marquez,1943-03-06,2023-05-31,Bipolar Disorder,10 years,released
Anthony Allen,2000-04-28,2021-03-16,Delusional Disorder,3 years,active
Jennifer Glass,1988-11-11,2024-06-02,Psychopathy,5 years,active
Michael Boyd,1942-09-03,2022-11-27,Severe Depression,5 years,active
Michael Jensen,1983-10-18,2023-12-06,Post-Traumatic Stress Disorder,1 year,released
Sandra Mathis DVM,1946-01-16,2024-04-20,Psychopathy,3 years,active
John Wolfe,1942-02-25,2022-01-17,Schizophrenia,5 years,active
Pamela Cooper,1949-05-04,2021-05-20,Obsessive Compulsive Disorder,10 years,active
Nicholas Johnson,2004-11-19,2021-01-14,Psychopathy,3 years,released
Douglas Carlson,1968-01-14,2021-05-04,Paranoid Personality Disorder,10 years,active
Elizabeth Mcintyre,1944-10-13,2021-11-23,Severe Depression,1 year,released
Danielle Bean,1949-10-13,2020-12-25,Schizophrenia,5 years,active
Cristina Moore,1938-08-18,2021-08-10,Psychopathy,5 years,released
Aaron Robles,1983-04-28,2023-06-14,Psychopathy,1 year,active
Angela Gill,1938-03-19,2022-04-20,Psychopathy,1 year,active
Russell Burns,1971-04-05,2020-10-20,Post-Traumatic Stress Disorder,10 years,released
Lisa Lara,1996-02-24,2020-09-21,Severe Depression,10 years,active
Rebecca Hernandez,1971-03-18,2022-10-10,Schizophrenia,3 years,active
Meredith Roberts,1936-04-27,2021-05-29,Obsessive Compulsive Disorder,10 years,active
Natasha Mcneil,1986-03-31,2021-04-08,Severe Depression,10 years,active
Keith Gonzalez,1993-06-25,2022-11-29,Severe Depression,1 year,active
Christopher House,1960-10-23,2023-06-19,Schizophrenia,5 years,active
Mr. Arthur Parker MD,1939-11-12,2021-09-03,Bipolar Disorder,2 years,active
Ashley Ortiz,1936-07-23,2024-03-14,Delusional Disorder,1 year,active
Jose Brandt,2003-11-04,2020-07-20,Delusional Disorder,3 years,released
Carlos Bruce,1937-03-19,2022-12-25,Severe Depression,5 years,released
Shane Cobb,1978-08-30,2023-05-29,Schizophrenia,3 years,active
Cory Wood,1959-05-09,2024-04-13,Bipolar Disorder,1 year,active
Steven Wilkinson,1997-04-08,2024-10-06,Obsessive Compulsive Disorder,1 year,released
Timothy Jackson,1940-05-07,2022-03-16,Schizophrenia,10 years,active
Kenneth Barnes,1963-12-25,2022-04-07,Severe Depression,1 year,active
Sherry Mcmillan,1955-03-22,2024-06-11,Obsessive Compulsive Disorder,10 years,active
Frank Espinoza,1998-04-05,2021-01-22,Schizophrenia,3 years,active
Frank Reed,1937-02-27,2020-01-16,Obsessive Compulsive Disorder,2 years,released
Alex Duffy,1977-10-13,2020-04-07,Bipolar Disorder,2 years,active
Edward Haas,2006-08-05,2021-08-15,Post-Traumatic Stress Disorder,1 year,active
Shannon Myers,2006-10-06,2022-10-19,Delusional Disorder,5 years,released
Jill White,1995-11-06,2022-03-11,Post-Traumatic Stress Disorder,5 years,active
Nicholas Garcia,1943-02-19,2022-04-25,Bipolar Disorder,2 years,released
Hannah Sanchez,1947-01-04,2023-10-01,Delusional Disorder,2 years,released
Stephen Garrett,1963-05-16,2021-10-03,Bipolar Disorder,10 years,active
